record_id,chain,location_text,city,state,latitude,longitude,article_title,article_url,source_domain,source_type,published_utc,discovered_utc,confidence,evidence_snippet,query
3ee6c74becb730bcbf,CVS,,,,,,CVS fights law that could force over 100 stores to close,http://www.bing.com/news/apiclick.aspx?ref=FexRss&aid=&tid=6a31bc3540fb4d2c8d1b559868e65cd9&url=https%3a%2f%2fwww.aol.com%2ffinance%2fcvs-fights-law-could-force-161300320.html&c=6327375268730961832&mkt=en-us,www.bing.com,bing_rss,2026-04-22T16:59:00+00:00,2026-06-16T21:12:41+00:00,0.37,"CVS fights law that could force over 100 stores to close A sweeping new health care law is setting up a high-stakes battle over prescription drug pricing, corporate power, and patient access.",CVS closing stores
893ae7be5cfeddd56e,CVS,,,,,,CVS plans to open 60 new stores in 2026 after years of closures,http://www.bing.com/news/apiclick.aspx?ref=FexRss&aid=&tid=6a31bc3540fb4d2c8d1b559868e65cd9&url=https%3a%2f%2fwww.wkyc.com%2farticle%2fnews%2fnation-world%2fcvs-pharmacy-drugstore-plans-to-open-stores%2f507-1dc4afb1-4a1c-4929-897e-770a6bc9157f&c=8620438414890441792&mkt=en-us,www.bing.com,bing_rss,2026-04-01T07:14:00+00:00,2026-06-16T21:12:41+00:00,0.37,"CVS plans to open 60 new stores in 2026 after years of closures WASHINGTON — CVS Health is planning to grow again in 2026, a notable move after several years of closing stores across the country.",CVS closing stores
cf93b4e756e8ce6e8e,Walgreens,,,,,,"Walgreens to close Chatham store, citing theft and violence",http://www.bing.com/news/apiclick.aspx?ref=FexRss&aid=&tid=6a31bc3e74ea4870b669b941eebd8e0a&url=https%3a%2f%2fchicago.suntimes.com%2fmoney%2f2026%2f05%2f04%2fwalgreens-close-chatham-store-theft-violence&c=9786869387699307050&mkt=en-us,www.bing.com,bing_rss,2026-05-04T16:37:00+00:00,2026-06-16T21:12:41+00:00,0.49,"Walgreens to close Chatham store, citing theft and violence The Deerfield-based company has closed several South and West side locations over the last year, contributing to a pharmacy desert in the area.",Walgreens store closure location
519a903ee501994a17,Walgreens,,,,,,Walgreens closing Chatham store as officials warn of pharmacy deserts,http://www.bing.com/news/apiclick.aspx?ref=FexRss&aid=&tid=6a31bc3e74ea4870b669b941eebd8e0a&url=https%3a%2f%2fwww.msn.com%2fen-us%2fnews%2fus%2fwalgreens-closing-chatham-as-officials-warn-of-pharmacy-deserts%2far-AA24PoKJ&c=11146585358043657096&mkt=en-us,www.bing.com,bing_rss,2026-06-04T15:28:00+00:00,2026-06-16T21:12:41+00:00,0.37,"Walgreens closing Chatham store as officials warn of pharmacy deserts Walgreens is set to close in Chicago's Chatham neighborhood on Thursday, and there's growing concern about where families will get their medications.",Walgreens store closure location
03d131a121534674dc,Walgreens,,,,,,"Walgreens to close Chicago store after losing over $1M due to rampant theft, falling sales",http://www.bing.com/news/apiclick.aspx?ref=FexRss&aid=&tid=6a31bc3e74ea4870b669b941eebd8e0a&url=https%3a%2f%2fwww.msn.com%2fen-us%2fmoney%2fcompanies%2fwalgreens-to-close-chicago-store-after-losing-over-1m-due-to-rampant-theft-falling-sales%2far-AA22WnEv&c=17942911988166189995&mkt=en-us,www.bing.com,bing_rss,2026-05-11T11:25:00+00:00,2026-06-16T21:12:41+00:00,0.37,"Walgreens to close Chicago store after losing over $1M due to rampant theft, falling sales Walgreens announced plans to close a Chicago South Side store next month, citing elevated theft levels and declining prescription sales as key factors.",Walgreens store closure location
e74f70f57fac3d8566,Walgreens,,,,,,Local pharmacy chain steps in as Midtown Walgreens prepares to close,http://www.bing.com/news/apiclick.aspx?ref=FexRss&aid=&tid=6a31bc3e74ea4870b669b941eebd8e0a&url=https%3a%2f%2fwww.msn.com%2fen-us%2fnews%2fus%2flocal-pharmacy-chain-steps-in-as-midtown-walgreens-prepares-to-close%2far-AA25dpGI&c=4811352347859923765&mkt=en-us,www.bing.com,bing_rss,2026-06-09T10:54:00+00:00,2026-06-16T21:12:41+00:00,0.37,"Local pharmacy chain steps in as Midtown Walgreens prepares to close With the Midtown Walgreens at 27th Street and North Avenue set to close on June 23, Hayat Pharmacy is encouraging residents to transfer prescriptions to the local chain.",Walgreens store closure location
5ceb803ea6afc16248,Walgreens,,,,,,Walgreens pharmacy on Cottage Grove in Chatham set to close Thursday,http://www.bing.com/news/apiclick.aspx?ref=FexRss&aid=&tid=6a31bc3e74ea4870b669b941eebd8e0a&url=https%3a%2f%2fwww.msn.com%2fen-us%2fnews%2fus%2fwalgreens-pharmacy-on-cottage-grove-in-chatham-set-to-close-thursday%2far-AA24Wdjx&c=10363544050265138416&mkt=en-us,www.bing.com,bing_rss,2026-06-04T19:38:00+00:00,2026-06-16T21:12:41+00:00,0.37,Walgreens pharmacy on Cottage Grove in Chatham set to close Thursday The Walgreens at 86th Street and Cottage Grove Avenue in Chatham is set to close Thursday.,Walgreens store closure location
73fb9b87d843ed1843,Walgreens,,,,,,Walgreens closing numerous stores amid 'challenging' retail environment,http://www.bing.com/news/apiclick.aspx?ref=FexRss&aid=&tid=6a31bc4341734796b5054a0136a6ffb1&url=https%3a%2f%2fwww.wptv.com%2fbusiness%2fcompany-news%2fwalgreens-closing-numerous-stores-amid-challenging-retail-environment&c=6863907681722574937&mkt=en-us,www.bing.com,bing_rss,2024-06-26T22:44:00+00:00,2026-06-16T21:12:41+00:00,0.37,"Walgreens closing numerous stores amid 'challenging' retail environment Walgreens, one of America's largest pharmacy chains, announced early Thursday plans to close numerous stores across the U.S.",Walgreens closing stores
48a0ccfe8c398b499e,Walgreens,,,,,,Walgreens closing Chatham store on Thursday,http://www.bing.com/news/apiclick.aspx?ref=FexRss&aid=&tid=6a31bc4341734796b5054a0136a6ffb1&url=https%3a%2f%2fwww.msn.com%2fen-us%2flifestyle%2fother%2fwalgreens-closing-chatham-store-on-thursday%2far-AA24PoKJ&c=16509589848633609248&mkt=en-us,www.bing.com,bing_rss,2026-06-04T03:52:21+00:00,2026-06-16T21:12:41+00:00,0.37,"Walgreens closing Chatham store on Thursday Walgreens is set to close in Chicago's Chatham neighborhood on Thursday, and there's growing concern about where families will get their medications.",Walgreens closing stores
62634b157dc94c3f3b,Walgreens,,,,,,"Walgreens to close Chicago store after losing over $1M due to rampant theft, falling sales",http://www.bing.com/news/apiclick.aspx?ref=FexRss&aid=&tid=6a31bc4341734796b5054a0136a6ffb1&url=https%3a%2f%2fwww.msn.com%2fen-us%2fmoney%2fcompanies%2fwalgreens-to-close-chicago-store-after-losing-over-1m-due-to-rampant-theft-falling-sales%2far-AA22WnEv&c=17942911988166189995&mkt=en-us,www.bing.com,bing_rss,2026-05-11T11:25:00+00:00,2026-06-16T21:12:41+00:00,0.37,"Walgreens to close Chicago store after losing over $1M due to rampant theft, falling sales Walgreens announced plans to close a Chicago South Side store next month, citing elevated theft levels and declining prescription sales as key factors.",Walgreens closing stores
924180a81e691a132c,Walgreens,,,,,,"Walgreens to close Chatham store, citing theft and violence",http://www.bing.com/news/apiclick.aspx?ref=FexRss&aid=&tid=6a31bc4341734796b5054a0136a6ffb1&url=https%3a%2f%2fchicago.suntimes.com%2fmoney%2f2026%2f05%2f04%2fwalgreens-close-chatham-store-theft-violence&c=9786869387699307050&mkt=en-us,www.bing.com,bing_rss,2026-05-04T16:37:00+00:00,2026-06-16T21:12:41+00:00,0.49,"Walgreens to close Chatham store, citing theft and violence The Deerfield-based company has closed several South and West side locations over the last year, contributing to a pharmacy desert in the area.",Walgreens closing stores
409f1c735668f2aebc,Walgreens,,,,,,Retail pharmacy to close St. Louis County store,http://www.bing.com/news/apiclick.aspx?ref=FexRss&aid=&tid=6a31bc4341734796b5054a0136a6ffb1&url=https%3a%2f%2fwww.msn.com%2fen-us%2fnews%2fus%2fretail-pharmacy-to-close-st-louis-county-store%2far-AA25uH41&c=9911094652721756306&mkt=en-us,www.bing.com,bing_rss,2026-06-12T08:47:00+00:00,2026-06-16T21:12:41+00:00,0.49,Retail pharmacy to close St.,Walgreens closing stores
6e87751ea9097ef8b8,Walgreens,,,,,,Local pharmacy chain steps in as Midtown Walgreens prepares to close,http://www.bing.com/news/apiclick.aspx?ref=FexRss&aid=&tid=6a31bc4341734796b5054a0136a6ffb1&url=https%3a%2f%2fwww.msn.com%2fen-us%2fnews%2fus%2flocal-pharmacy-chain-steps-in-as-midtown-walgreens-prepares-to-close%2far-AA25dpGI&c=4811352347859923765&mkt=en-us,www.bing.com,bing_rss,2026-06-09T10:54:00+00:00,2026-06-16T21:12:41+00:00,0.37,"Local pharmacy chain steps in as Midtown Walgreens prepares to close With the Midtown Walgreens at 27th Street and North Avenue set to close on June 23, Hayat Pharmacy is encouraging residents to transfer prescriptions to the local chain.",Walgreens closing stores
f78373093db88f8360,Walgreens,,,,,,Walgreens to close St. Louis County store,http://www.bing.com/news/apiclick.aspx?ref=FexRss&aid=&tid=6a31bc4341734796b5054a0136a6ffb1&url=https%3a%2f%2fwww.bizjournals.com%2fstlouis%2fnews%2f2026%2f06%2f11%2fst-louis-county-walgreens-store-to-close.html&c=383589223251537787&mkt=en-us,www.bing.com,bing_rss,2026-06-11T15:35:00+00:00,2026-06-16T21:12:41+00:00,0.37,Walgreens to close St.,Walgreens closing stores
45a58a2c5a06619000,Walgreens,,,,,,Local pharmacy chain steps in as Midtown Walgreens prepares to close,http://www.bing.com/news/apiclick.aspx?ref=FexRss&aid=&tid=6a31bc49a1564b528f1a29c7d3fc982c&url=https%3a%2f%2fwww.msn.com%2fen-us%2fmoney%2fgeneral%2flocal-pharmacy-chain-steps-in-as-midtown-walgreens-prepares-to-close%2far-AA25dpGI&c=16408955843007296214&mkt=en-us,www.bing.com,bing_rss,2026-06-09T10:41:38+00:00,2026-06-16T21:12:41+00:00,0.37,"Local pharmacy chain steps in as Midtown Walgreens prepares to close With the Midtown Walgreens at 27th Street and North Avenue set to close on June 23, Hayat Pharmacy is encouraging residents to transfer prescriptions to the local chain.",Walgreens pharmacy closed location
79bdb9654e919f6545,Walgreens,,,,,,Walgreens Location To Close In Suffern — Here's When,http://www.bing.com/news/apiclick.aspx?ref=FexRss&aid=&tid=6a31bc49a1564b528f1a29c7d3fc982c&url=https%3a%2f%2fwww.aol.com%2fnews%2fwalgreens-location-close-suffern-heres-144500786.html&c=3126015903250013896&mkt=en-us,www.bing.com,bing_rss,2026-03-29T17:00:00+00:00,2026-06-16T21:12:41+00:00,0.37,Walgreens Location To Close In Suffern — Here's When A Walgreens location in Rockland County is set to shut its doors in the coming weeks.,Walgreens pharmacy closed location
496971efe4959a3eac,Walgreens,,,,,,Another Lexington pharmacy will close in July. Here's where.,http://www.bing.com/news/apiclick.aspx?ref=FexRss&aid=&tid=6a31bc49a1564b528f1a29c7d3fc982c&url=https%3a%2f%2fwww.msn.com%2fen-us%2fmoney%2fgeneral%2fanother-lexington-pharmacy-will-close-in-july-here-s-where%2far-AA25dBiD&c=12593007643999782074&mkt=en-us,www.bing.com,bing_rss,2026-06-09T14:12:00+00:00,2026-06-16T21:12:41+00:00,0.37,Another Lexington pharmacy will close in July.,Walgreens pharmacy closed location
34a77b88b506ac1fe2,CVS,,,,,,CVS fights law that could force over 100 stores to close,http://www.bing.com/news/apiclick.aspx?ref=FexRss&aid=&tid=6a31bd62dca941c8a3dc898013cd8305&url=https%3a%2f%2fwww.aol.com%2ffinance%2fcvs-fights-law-could-force-161300320.html&c=6327375268730961832&mkt=en-us,www.bing.com,bing_rss,2026-04-22T16:59:00+00:00,2026-06-16T21:17:54+00:00,0.61,"CVS fights law that could force over 100 stores to close A sweeping new health care law is setting up a high-stakes battle over prescription drug pricing, corporate power, and patient access.",CVS closing stores
24b85ef953aff5819d,CVS,,,,,,CVS plans to open 60 new stores in 2026 after years of closures,http://www.bing.com/news/apiclick.aspx?ref=FexRss&aid=&tid=6a31bd62dca941c8a3dc898013cd8305&url=https%3a%2f%2fwww.wkyc.com%2farticle%2fnews%2fnation-world%2fcvs-pharmacy-drugstore-plans-to-open-stores%2f507-1dc4afb1-4a1c-4929-897e-770a6bc9157f&c=8620438414890441792&mkt=en-us,www.bing.com,bing_rss,2026-04-01T07:14:00+00:00,2026-06-16T21:17:54+00:00,0.37,"CVS plans to open 60 new stores in 2026 after years of closures WASHINGTON — CVS Health is planning to grow again in 2026, a notable move after several years of closing stores across the country.",CVS closing stores
7a705915d67e3f409b,Walgreens,,,,,,Map Shows Where Walgreens Is Closing Locations,http://www.bing.com/news/apiclick.aspx?ref=FexRss&aid=&tid=6a31bd707425465cb1763b494424766a&url=https%3a%2f%2fwww.newsweek.com%2fmap-walgreens-pharmacy-closures-2111781&c=10891888385040947924&mkt=en-us,www.bing.com,bing_rss,2025-08-11T08:05:00+00:00,2026-06-16T21:17:54+00:00,0.90,"News Reporter Walgreens is pressing on with its ""Footprint Optimization Program"" and shuttering hundreds of locations in an effort to streamline operations and prioritize its core retail pharmacy business.",Walgreens store closure location
8f94b86cbb762a58fd,Walgreens,,,,,,"Walgreens to close Chatham store, citing theft and violence",http://www.bing.com/news/apiclick.aspx?ref=FexRss&aid=&tid=6a31bd707425465cb1763b494424766a&url=https%3a%2f%2fchicago.suntimes.com%2fmoney%2f2026%2f05%2f04%2fwalgreens-close-chatham-store-theft-violence&c=9786869387699307050&mkt=en-us,www.bing.com,bing_rss,2026-05-04T16:37:00+00:00,2026-06-16T21:17:54+00:00,0.90,"Walgreens to close Chatham store, citing theft and violence The Deerfield-based company has closed several South and West side locations over the last year, contributing to a pharmacy desert in the area.",Walgreens store closure location
7f9dfee3f2161e434a,Walgreens,,,,,,Walgreens closing Chatham store as officials warn of pharmacy deserts,http://www.bing.com/news/apiclick.aspx?ref=FexRss&aid=&tid=6a31bd707425465cb1763b494424766a&url=https%3a%2f%2fwww.msn.com%2fen-us%2fnews%2fus%2fwalgreens-closing-chatham-as-officials-warn-of-pharmacy-deserts%2far-AA24PoKJ&c=11146585358043657096&mkt=en-us,www.bing.com,bing_rss,2026-06-04T15:28:00+00:00,2026-06-16T21:17:54+00:00,0.37,"Walgreens closing Chatham store as officials warn of pharmacy deserts Walgreens is set to close in Chicago's Chatham neighborhood on Thursday, and there's growing concern about where families will get their medications.",Walgreens store closure location
7f596a7b521612ca31,Walgreens,,,,,,"Walgreens to close Chicago store after losing over $1M due to rampant theft, falling sales",http://www.bing.com/news/apiclick.aspx?ref=FexRss&aid=&tid=6a31bd707425465cb1763b494424766a&url=https%3a%2f%2fwww.msn.com%2fen-us%2fmoney%2fcompanies%2fwalgreens-to-close-chicago-store-after-losing-over-1m-due-to-rampant-theft-falling-sales%2far-AA22WnEv&c=17942911988166189995&mkt=en-us,www.bing.com,bing_rss,2026-05-11T11:25:00+00:00,2026-06-16T21:17:54+00:00,0.37,"Walgreens to close Chicago store after losing over $1M due to rampant theft, falling sales Walgreens announced plans to close a Chicago South Side store next month, citing elevated theft levels and declining prescription sales as key factors.",Walgreens store closure location
35417a8b81dc19bcb3,Walgreens,,,,,,Local pharmacy chain steps in as Midtown Walgreens prepares to close,http://www.bing.com/news/apiclick.aspx?ref=FexRss&aid=&tid=6a31bd707425465cb1763b494424766a&url=https%3a%2f%2fwww.msn.com%2fen-us%2fnews%2fus%2flocal-pharmacy-chain-steps-in-as-midtown-walgreens-prepares-to-close%2far-AA25dpGI&c=4811352347859923765&mkt=en-us,www.bing.com,bing_rss,2026-06-09T10:54:00+00:00,2026-06-16T21:17:54+00:00,0.37,"Local pharmacy chain steps in as Midtown Walgreens prepares to close With the Midtown Walgreens at 27th Street and North Avenue set to close on June 23, Hayat Pharmacy is encouraging residents to transfer prescriptions to the local chain.",Walgreens store closure location
c9ee34e8c5b9eec300,Walgreens,,,,,,Walgreens to close St. Louis County store,http://www.bing.com/news/apiclick.aspx?ref=FexRss&aid=&tid=6a31bd707425465cb1763b494424766a&url=https%3a%2f%2fwww.bizjournals.com%2fstlouis%2fnews%2f2026%2f06%2f11%2fst-louis-county-walgreens-store-to-close.html&c=383589223251537787&mkt=en-us,www.bing.com,bing_rss,2026-06-11T15:35:00+00:00,2026-06-16T21:17:54+00:00,0.37,Walgreens to close St.,Walgreens store closure location
6b56ffea1e06a566f2,Walgreens,,,,,,Walgreens pharmacy on Cottage Grove in Chatham set to close Thursday,http://www.bing.com/news/apiclick.aspx?ref=FexRss&aid=&tid=6a31bd707425465cb1763b494424766a&url=https%3a%2f%2fwww.msn.com%2fen-us%2fnews%2fus%2fwalgreens-pharmacy-on-cottage-grove-in-chatham-set-to-close-thursday%2far-AA24Wdjx&c=10363544050265138416&mkt=en-us,www.bing.com,bing_rss,2026-06-04T19:38:00+00:00,2026-06-16T21:17:54+00:00,0.37,Walgreens pharmacy on Cottage Grove in Chatham set to close Thursday The Walgreens at 86th Street and Cottage Grove Avenue in Chatham is set to close Thursday.,Walgreens store closure location
ebc9fa60b9a38b91b3,Walgreens,,,,,,Map Shows Where Walgreens Is Closing Locations,http://www.bing.com/news/apiclick.aspx?ref=FexRss&aid=&tid=6a31bd77b1c04f28b29c2e556f7fa36b&url=https%3a%2f%2fwww.newsweek.com%2fmap-walgreens-pharmacy-closures-2111781&c=10891888385040947924&mkt=en-us,www.bing.com,bing_rss,2025-08-11T08:05:00+00:00,2026-06-16T21:17:54+00:00,0.90,"News Reporter Walgreens is pressing on with its ""Footprint Optimization Program"" and shuttering hundreds of locations in an effort to streamline operations and prioritize its core retail pharmacy business.",Walgreens closing stores
3f05546f3810822546,Walgreens,,,,,,Walgreens closing numerous stores amid 'challenging' retail environment,http://www.bing.com/news/apiclick.aspx?ref=FexRss&aid=&tid=6a31bd77b1c04f28b29c2e556f7fa36b&url=https%3a%2f%2fwww.wptv.com%2fbusiness%2fcompany-news%2fwalgreens-closing-numerous-stores-amid-challenging-retail-environment&c=6863907681722574937&mkt=en-us,www.bing.com,bing_rss,2024-06-26T22:44:00+00:00,2026-06-16T21:17:54+00:00,0.49,"Walgreens closing numerous stores amid 'challenging' retail environment Walgreens, one of America's largest pharmacy chains, announced early Thursday plans to close numerous stores across the U.S.",Walgreens closing stores
90bd7efb4ebb4a6e65,Walgreens,,,,,,Walgreens closing Chatham store on Thursday,http://www.bing.com/news/apiclick.aspx?ref=FexRss&aid=&tid=6a31bd77b1c04f28b29c2e556f7fa36b&url=https%3a%2f%2fwww.msn.com%2fen-us%2flifestyle%2fother%2fwalgreens-closing-chatham-store-on-thursday%2far-AA24PoKJ&c=16509589848633609248&mkt=en-us,www.bing.com,bing_rss,2026-06-04T03:52:21+00:00,2026-06-16T21:17:54+00:00,0.37,"Walgreens closing Chatham store on Thursday Walgreens is set to close in Chicago's Chatham neighborhood on Thursday, and there's growing concern about where families will get their medications.",Walgreens closing stores
63e716e72e2f619092,Walgreens,,,,,,"Walgreens to close Chicago store after losing over $1M due to rampant theft, falling sales",http://www.bing.com/news/apiclick.aspx?ref=FexRss&aid=&tid=6a31bd77b1c04f28b29c2e556f7fa36b&url=https%3a%2f%2fwww.msn.com%2fen-us%2fmoney%2fcompanies%2fwalgreens-to-close-chicago-store-after-losing-over-1m-due-to-rampant-theft-falling-sales%2far-AA22WnEv&c=17942911988166189995&mkt=en-us,www.bing.com,bing_rss,2026-05-11T11:25:00+00:00,2026-06-16T21:17:54+00:00,0.37,"Walgreens to close Chicago store after losing over $1M due to rampant theft, falling sales Walgreens announced plans to close a Chicago South Side store next month, citing elevated theft levels and declining prescription sales as key factors.",Walgreens closing stores
9c3008ec1d4ab2f222,Walgreens,,,,,,"Walgreens to close Chatham store, citing theft and violence",http://www.bing.com/news/apiclick.aspx?ref=FexRss&aid=&tid=6a31bd77b1c04f28b29c2e556f7fa36b&url=https%3a%2f%2fchicago.suntimes.com%2fmoney%2f2026%2f05%2f04%2fwalgreens-close-chatham-store-theft-violence&c=9786869387699307050&mkt=en-us,www.bing.com,bing_rss,2026-05-04T16:37:00+00:00,2026-06-16T21:17:54+00:00,0.90,"Walgreens to close Chatham store, citing theft and violence The Deerfield-based company has closed several South and West side locations over the last year, contributing to a pharmacy desert in the area.",Walgreens closing stores
1a457a72100c72fd80,Walgreens,,,,,,Retail pharmacy to close St. Louis County store,http://www.bing.com/news/apiclick.aspx?ref=FexRss&aid=&tid=6a31bd77b1c04f28b29c2e556f7fa36b&url=https%3a%2f%2fwww.msn.com%2fen-us%2fnews%2fus%2fretail-pharmacy-to-close-st-louis-county-store%2far-AA25uH41&c=9911094652721756306&mkt=en-us,www.bing.com,bing_rss,2026-06-12T08:47:00+00:00,2026-06-16T21:17:54+00:00,0.49,Retail pharmacy to close St.,Walgreens closing stores
a6664cc296ce8128ca,Walgreens,"Chicago, IL",Chicago,IL,,,Walgreens to close Midtown store on Milwaukee’s North Avenue,http://www.bing.com/news/apiclick.aspx?ref=FexRss&aid=&tid=6a31bd77b1c04f28b29c2e556f7fa36b&url=https%3a%2f%2fwww.aol.com%2farticles%2fwalgreens-close-midtown-store-milwaukee-211103214.html&c=2790933303493612534&mkt=en-us,www.bing.com,bing_rss,2026-05-07T14:56:00+00:00,2026-06-16T21:17:54+00:00,1.00,"Walgreens to close Midtown store on Milwaukee’s North Avenue In another blow to Milwaukee’s grocery and pharmacy landscape, Walgreens has begun to notify customers that its midtown location at 2727 W.",Walgreens closing stores
d15bdcb3a6099cc6aa,Walgreens,,,,,,Walgreens to close St. Louis County store,http://www.bing.com/news/apiclick.aspx?ref=FexRss&aid=&tid=6a31bd77b1c04f28b29c2e556f7fa36b&url=https%3a%2f%2fwww.bizjournals.com%2fstlouis%2fnews%2f2026%2f06%2f11%2fst-louis-county-walgreens-store-to-close.html&c=383589223251537787&mkt=en-us,www.bing.com,bing_rss,2026-06-11T15:35:00+00:00,2026-06-16T21:17:54+00:00,0.37,Walgreens to close St.,Walgreens closing stores
eaf72708f79ef60c77,Walgreens,,,,,,Walgreens closing numerous stores amid 'challenging' retail environment,http://www.bing.com/news/apiclick.aspx?ref=FexRss&aid=&tid=6a31bd77b1c04f28b29c2e556f7fa36b&url=https%3a%2f%2fwww.10news.com%2fbusiness%2fcompany-news%2fwalgreens-closing-numerous-stores-amid-challenging-retail-environment&c=13259261244793479128&mkt=en-us,www.bing.com,bing_rss,2026-03-29T22:24:00+00:00,2026-06-16T21:17:54+00:00,0.49,"Walgreens, one of America's largest pharmacy chains, announced early Thursday plans to close numerous stores across the U.S.",Walgreens closing stores
d7f1c5e798039f1b00,Walgreens,,,,,,CVS Pharmacy is opening a new store in Nubian Square,https://www.boston.com/news/local-news/2026/06/16/cvs-pharmacy-is-opening-a-new-store-in-nubian-square/,www.boston.com,gdelt,20260616T183000Z,2026-06-16T21:17:54+00:00,0.61,"A new CVS Pharmacy will open in Nubian Square in July, bringing back a chain drugstore after Walgreens closed multiple stores in Roxbury.",Walgreens pharmacy closed location
25ceed6aa4ad405f46,Walgreens,,,,,,Rite Aid reuse : What is becoming of vacant pharmacy locations across NH ?,https://www.unionleader.com/news/business/rite-aid-reuse-what-is-becoming-of-vacant-pharmacy-locations-across-nh/article_faa4455d-1ec9-480a-a6d4-213643daf003.html,www.unionleader.com,gdelt,20260605T204500Z,2026-06-16T21:17:54+00:00,0.26,The closure of about 50 Rite Aid locations in New Hampshire in the past year — as part of bankruptcy proceedings — opened the opportunity for other businesses or organizations to snag prime real estate.,Walgreens pharmacy closed location
8895d1162676662c37,Walgreens,,,,,,An alderman wants Chicago to become its own pharmacist,https://www.fox32chicago.com/news/alderman-wants-chicago-become-its-own-pharmacist,www.fox32chicago.com,gdelt,20260604T220000Z,2026-06-16T21:17:54+00:00,0.38,An alderman wants Chicago to become its own pharmacist https://images.foxtv.com/static.fox32chicago.com/www.fox32chicago.com/content/uploads/2026/06/1280/720/an-alderman-wants-chicago-to-become-its-own-pharmacist.jpg?ve=1&tl=1 Share A Chatham Walgreens closed ,Walgreens pharmacy closed location
622ed14982c44b77b4,Walgreens,,,,,,Walgreens left Chicago South Side because theft made staying impossible,https://www.foxnews.com/opinion/walgreens-didnt-abandon-chicagos-south-side-let-crime-drive,www.foxnews.com,gdelt,20260602T150000Z,2026-06-16T21:17:54+00:00,0.61,"Several years ago, the Walgreens just feet from my church on King Drive in Woodlawn closed its doors too.",Walgreens pharmacy closed location
80e61fcd67afaa5c6e,Walgreens,,,,,,Pharmacy closure leaves Woodstock without place to fill prescriptions,https://vtdigger.org/2026/05/20/pharmacy-closure-leaves-woodstock-without-place-to-fill-prescriptions/,vtdigger.org,gdelt,20260520T220000Z,2026-06-16T21:17:54+00:00,0.26,Pharmacy closure leaves Woodstock without place to fill prescriptions https://vtdigger.org/wp-content/uploads/2026/05/20260518-vn-springfield-jh-047.webp VTDigger News in pursuit of truth This story by Clare Shanahan was first published in the Valley News on M,Walgreens pharmacy closed location
9aa370bb933fb4b223,Walgreens,,,,,,NY Memorial Day 2026 Store Hours : Open and Closed Status Guide,https://981thehawk.com/ny-memorial-day-stores-open-closed/,981thehawk.com,gdelt,20260519T213000Z,2026-06-16T21:17:54+00:00,0.26,"NY Memorial Day 2026 Store Hours : Open and Closed Status Guide https://townsquare.media/site/498/files/2026/05/attachment-open-and-closed.jpg?&q=75&format=natural Memorial Day serves as the unofficial kickoff to summer, but because it is an official federal a",Walgreens pharmacy closed location
295c53c0fd8cdeebbd,Walgreens,,,,,,NY Memorial Day 2026 Store Hours : Open and Closed Status Guide,https://cnynews.com/ixp/498/p/ny-memorial-day-stores-open-closed/,cnynews.com,gdelt,20260519T194500Z,2026-06-16T21:17:54+00:00,0.26,"NY Memorial Day 2026 Store Hours : Open and Closed Status Guide https://townsquare.media/site/498/files/2026/05/attachment-open-and-closed.jpg?&q=75&format=natural Memorial Day serves as the unofficial kickoff to summer, but because it is an official federal a",Walgreens pharmacy closed location
96fc422500669fc9b0,Walgreens,,,,,,"New York City Higher - End Retail Deserts , and How to Fill Them – Commercial Observer",https://commercialobserver.com/2026/05/new-york-city-retail-deserts-tenants-2026/,commercialobserver.com,gdelt,20260519T111500Z,2026-06-16T21:17:54+00:00,0.61,There have been a slew of shops that have opened and closed within months because they could not garner enough business to stay open.,Walgreens pharmacy closed location
31948cd86a483aa8f2,Walgreens,,,,,,Last Walgreens in Brooklyn Heights to close June 4,https://brooklyneagle.com/386460/last-walgreens-in-brooklyn-heights-to-close-june-4/,brooklyneagle.com,gdelt,20260513T003000Z,2026-06-16T21:17:54+00:00,0.73,Last Walgreens in Brooklyn Heights to close June 4 https://brooklyneagle.com/wp-content/uploads/2026/05/Walgreens-closing-01-Mary-Frost-scaled.jpeg BROOKLYN HEIGHTS — The Walgreens pharmacy at 120 Court St.,Walgreens pharmacy closed location
f04eef6e2080a46c0e,Walgreens,,,,,,"Shuttering Chicago Walgreens Says It Lost $1 Million , Mostly Due to Theft",https://twitchy.com/brettt/2026/05/11/shuttering-chicago-walgreens-says-it-lost-1-million-mostly-due-to-theft-n2428085,twitchy.com,gdelt,20260512T014500Z,2026-06-16T21:17:54+00:00,0.49,"Shuttering Chicago Walgreens Says It Lost $1 Million , Mostly Due to Theft https://media.townhall.com/cdn/hodl/2017/262/b8cc473e-7490-468d-9f72-af3961dc2241.jpg Last week, we introduced you to Chicago Alderman William Hall, who set up a microphone on the stree",Walgreens pharmacy closed location
0647832efc4c0d74f4,Walgreens,,,,,,Alderman Hall slams Walgreens store closures,https://chicagocrusader.com/alderman-hall-slams-walgreens-store-closures/,chicagocrusader.com,gdelt,20260509T220000Z,2026-06-16T21:17:54+00:00,0.90,Alderman Hall slams Walgreens store closures https://chicagocrusader.com/wp-content/uploads/2026/05/PITCURE-OF-WALGREENS-OUTSIDE-1024x683.jpg Says moves create ‘pharmacy deserts’ Ald.,Walgreens pharmacy closed location
d5f5b64a2c40a9bbae,Walgreens,,,,,,Fallout continues after Walgreens closes store in Chatham,https://chicagocrusader.com/fallout-continues-after-alderman-hall-slams-walgreens-store-closures/,chicagocrusader.com,gdelt,20260508T174500Z,2026-06-16T21:17:54+00:00,0.73,Fallout continues after Walgreens closes store in Chatham https://chicagocrusader.com/wp-content/uploads/2026/05/ALD.-WILLIAM-HALL-WALGREENS-DO-RIGHT-BY-US-1024x683.jpg By Chinta Strausberg Ald.,Walgreens pharmacy closed location
68794ba407e08bdf89,Walgreens,,,,,,Chicago alderman accuses Walgreens of corporate abandonment in Chatham,https://www.foxnews.com/politics/chicago-pol-says-walgreens-charged-first-degree-corporate-abandonment-closure-theft,www.foxnews.com,gdelt,20260505T213000Z,2026-06-16T21:17:54+00:00,0.61,"(WFLD) A Chicago alderman, incensed by the upcoming closure of a Walgreens store amid safety concerns, stated that the corporate retailer should be charged with ""first-degree corporate abandonment."" Ald.",Walgreens pharmacy closed location
09964c26ea3def5117,Walgreens,,,,,,Chicago Alderman Wants Walgreens Charged With Corporate Abandonment for Closing Store,https://twitchy.com/brettt/2026/05/04/chicago-alderman-wants-walgreens-charged-with-corporate-abandonment-for-closing-store-n2427856,twitchy.com,gdelt,20260505T031500Z,2026-06-16T21:17:54+00:00,0.49,"""Six Walgreens have closed on [Chicago's] South Side during the past year,"" reports ABC 7 Eyewitness News.",Walgreens pharmacy closed location
549b933334e688c7a0,Walgreens,,,,,,"Walgreens to close Chatham store , citing theft and violence",https://chicago.suntimes.com/money/2026/05/04/walgreens-close-chatham-store-theft-violence,chicago.suntimes.com,gdelt,20260505T011500Z,2026-06-16T21:17:54+00:00,0.90,"Walgreens to close Chatham store , citing theft and violence https://chorus-production-cst-web.s3.us-east-1.amazonaws.com/brightspot/68/3d/44c3afe940dca90a0f63ead1a2be/walgreens-260505-01.jpg Why are we asking for donations?",Walgreens pharmacy closed location
ef4ba302a7eb444729,Walgreens,,,,,,"Are Walmart , Costco , Trader Joe , Target , Aldi , Publix , Ulta , and Sam Club open on Easter Sunday ?",https://www.hindustantimes.com/world-news/us-news/are-walmart-costco-trader-joes-target-aldi-publix-ulta-and-sams-club-open-on-easter-sunday-101775343984439.html,www.hindustantimes.com,gdelt,20260405T030000Z,2026-06-16T21:17:54+00:00,0.84,"However, warehouse chains like Costco and Sam's Club will remain closed for the holiday, continuing their long-standing policy of observing major national holidays.",Walgreens pharmacy closed location
5d9ca85b422c81e5be,Walgreens,,,,,,Map Shows Where Walgreens Is Closing Locations,http://www.bing.com/news/apiclick.aspx?ref=FexRss&aid=&tid=6a31bd81d34649afb183b8a99997e797&url=https%3a%2f%2fwww.newsweek.com%2fmap-walgreens-pharmacy-closures-2111781&c=10891888385040947924&mkt=en-us,www.bing.com,bing_rss,2025-08-11T08:05:00+00:00,2026-06-16T21:17:54+00:00,0.90,"News Reporter Walgreens is pressing on with its ""Footprint Optimization Program"" and shuttering hundreds of locations in an effort to streamline operations and prioritize its core retail pharmacy business.",Walgreens pharmacy closed location
75013b7ccd68011212,Walgreens,,,,,,Local pharmacy chain steps in as Midtown Walgreens prepares to close,http://www.bing.com/news/apiclick.aspx?ref=FexRss&aid=&tid=6a31bd81d34649afb183b8a99997e797&url=https%3a%2f%2fwww.msn.com%2fen-us%2fmoney%2fgeneral%2flocal-pharmacy-chain-steps-in-as-midtown-walgreens-prepares-to-close%2far-AA25dpGI&c=16408955843007296214&mkt=en-us,www.bing.com,bing_rss,2026-06-09T10:41:38+00:00,2026-06-16T21:17:54+00:00,0.37,"Local pharmacy chain steps in as Midtown Walgreens prepares to close With the Midtown Walgreens at 27th Street and North Avenue set to close on June 23, Hayat Pharmacy is encouraging residents to transfer prescriptions to the local chain.",Walgreens pharmacy closed location
267049c94fd14fdc8c,Walgreens,,,,,,"Walgreens to close Chatham store, citing theft and violence",http://www.bing.com/news/apiclick.aspx?ref=FexRss&aid=&tid=6a31bd81d34649afb183b8a99997e797&url=https%3a%2f%2fchicago.suntimes.com%2fmoney%2f2026%2f05%2f04%2fwalgreens-close-chatham-store-theft-violence&c=9786869387699307050&mkt=en-us,www.bing.com,bing_rss,2026-05-04T16:37:00+00:00,2026-06-16T21:17:54+00:00,0.90,"Walgreens to close Chatham store, citing theft and violence The Deerfield-based company has closed several South and West side locations over the last year, contributing to a pharmacy desert in the area.",Walgreens pharmacy closed location
5d88c97677878e64a7,Walgreens,,,,,,Another Lexington pharmacy will close in July. Here's where.,http://www.bing.com/news/apiclick.aspx?ref=FexRss&aid=&tid=6a31bd81d34649afb183b8a99997e797&url=https%3a%2f%2fwww.msn.com%2fen-us%2fmoney%2fgeneral%2fanother-lexington-pharmacy-will-close-in-july-here-s-where%2far-AA25dBiD&c=12593007643999782074&mkt=en-us,www.bing.com,bing_rss,2026-06-09T14:12:00+00:00,2026-06-16T21:17:54+00:00,0.37,Another Lexington pharmacy will close in July.,Walgreens pharmacy closed location
7aa9e1ee253884c97d,CVS,,,,,,Pharmacies Keep Closing ; Students Wary and Advocates Strategizing,https://www.erienewsnow.com/news/harrisburg/pharmacies-keep-closing-students-wary-and-advocates-strategizing/article_ad92cd53-7992-5f7c-b9ec-c5607a093574.html,www.erienewsnow.com,gdelt,20260424T200000Z,2026-06-17T13:59:31+00:00,0.61,"Updated: June 17, 2026 @ 9:54 am Over 1,100 pharmacies have closed in Pennsylvania since 2020.",CVS closing stores
c24a59d5c0f2322091,CVS,,,,,,Is Costco Closed on Easter Sunday 2026 ?,https://www.savingadvice.com/articles/2026/04/02/10110843_is-costco-closed-on-easter-sunday.html,www.savingadvice.com,gdelt,20260402T230000Z,2026-06-17T13:59:31+00:00,0.38,Is Costco Closed on Easter Sunday 2026 ?,CVS closing stores
0f340e8eb058e23481,CVS,,,,,,CVS Accelerates Rollout of New Pharmacy - Only Store Format,https://www.pymnts.com/news/retail/2026/cvs-accelerates-rollout-of-new-pharmacy-only-store-format/,www.pymnts.com,gdelt,20260402T030000Z,2026-06-17T13:59:31+00:00,0.26,"CVS spokesperson Amy Thibault told Bloomberg that the company plans to open 60 stores this year while closing “a few dozen locations.” Over the previous four years, CVS closed 1,100 locations while opening 200.",CVS closing stores
aa2c822614478d5782,CVS,,,,,,CVS to Expand Retail Footprint After Shrinking for 4 Years,https://www.pymnts.com/news/retail/2026/cvs-to-expand-retail-footprint-after-shrinking-for-4-years/,www.pymnts.com,gdelt,20260330T223000Z,2026-06-17T13:59:31+00:00,0.49,"This marks a change from the past four years, which saw CVS close 1,100 locations while opening 200, according to the report.",CVS closing stores
fc6a639267b8d509f8,CVS,,,,,,Walgreens store in Seattle Central District is slated to close,https://www.seattletimes.com/business/retail/walgreens-store-in-seattles-central-district-is-slated-to-close/,www.seattletimes.com,gdelt,20260326T223000Z,2026-06-17T13:59:31+00:00,0.90,"Walgreens store in Seattle Central District is slated to close A Walgreens store in Seattle’s Central District is set to shutter permanently this spring, marking another pharmacy loss for the city.",CVS closing stores
845c9c34eaf54799b2,CVS,,,,,,CVS fights law that could force over 100 stores to close,http://www.bing.com/news/apiclick.aspx?ref=FexRss&aid=&tid=6a32a8236378435a8599f941defd0cce&url=https%3a%2f%2fwww.aol.com%2ffinance%2fcvs-fights-law-could-force-161300320.html&c=6327375268730961832&mkt=en-us,www.bing.com,bing_rss,2026-04-22T16:59:00+00:00,2026-06-17T13:59:31+00:00,0.61,"CVS fights law that could force over 100 stores to close A sweeping new health care law is setting up a high-stakes battle over prescription drug pricing, corporate power, and patient access.",CVS closing stores
5f87e0d1edfd9c2a7b,CVS,,,,,,CVS plans to open 60 new stores in 2026 after years of closures,http://www.bing.com/news/apiclick.aspx?ref=FexRss&aid=&tid=6a32a8236378435a8599f941defd0cce&url=https%3a%2f%2fwww.13newsnow.com%2farticle%2fnews%2fnation-world%2fcvs-pharmacy-drugstore-plans-to-open-stores%2f507-1dc4afb1-4a1c-4929-897e-770a6bc9157f&c=15673116694922585273&mkt=en-us,www.bing.com,bing_rss,2026-04-01T07:14:00+00:00,2026-06-17T13:59:31+00:00,0.37,"CVS plans to open 60 new stores in 2026 after years of closures WASHINGTON — CVS Health is planning to grow again in 2026, a notable move after several years of closing stores across the country.",CVS closing stores
fd6ae66a89af19955b,Walgreens,,,,,,Map Shows Where Walgreens Is Closing Locations,http://www.bing.com/news/apiclick.aspx?ref=FexRss&aid=&tid=6a32a8307f8947639db02a675846693a&url=https%3a%2f%2fwww.newsweek.com%2fmap-walgreens-pharmacy-closures-2111781&c=10891888385040947924&mkt=en-us,www.bing.com,bing_rss,2025-08-11T08:05:00+00:00,2026-06-17T13:59:31+00:00,0.90,"News Reporter Walgreens is pressing on with its ""Footprint Optimization Program"" and shuttering hundreds of locations in an effort to streamline operations and prioritize its core retail pharmacy business.",Walgreens store closure location
af70e4e394117d3f2e,Walgreens,,,,,,"Walgreens to close Chatham store, citing theft and violence",http://www.bing.com/news/apiclick.aspx?ref=FexRss&aid=&tid=6a32a8307f8947639db02a675846693a&url=https%3a%2f%2fchicago.suntimes.com%2fmoney%2f2026%2f05%2f04%2fwalgreens-close-chatham-store-theft-violence&c=9786869387699307050&mkt=en-us,www.bing.com,bing_rss,2026-05-04T16:37:00+00:00,2026-06-17T13:59:31+00:00,0.90,"Walgreens to close Chatham store, citing theft and violence The Deerfield-based company has closed several South and West side locations over the last year, contributing to a pharmacy desert in the area.",Walgreens store closure location
10c4ddef4e72164d5b,Walgreens,,,,,,"Walgreens to close Chicago store after losing over $1M due to rampant theft, falling sales",http://www.bing.com/news/apiclick.aspx?ref=FexRss&aid=&tid=6a32a8307f8947639db02a675846693a&url=https%3a%2f%2fwww.msn.com%2fen-us%2fmoney%2fcompanies%2fwalgreens-to-close-chicago-store-after-losing-over-1m-due-to-rampant-theft-falling-sales%2far-AA22WnEv&c=17942911988166189995&mkt=en-us,www.bing.com,bing_rss,2026-05-11T11:25:00+00:00,2026-06-17T13:59:31+00:00,0.37,"Walgreens to close Chicago store after losing over $1M due to rampant theft, falling sales Walgreens announced plans to close a Chicago South Side store next month, citing elevated theft levels and declining prescription sales as key factors.",Walgreens store closure location
1355157ea8c2b55a98,Walgreens,,,,,,Walgreens closing Chatham store as officials warn of pharmacy deserts,http://www.bing.com/news/apiclick.aspx?ref=FexRss&aid=&tid=6a32a8307f8947639db02a675846693a&url=https%3a%2f%2fwww.msn.com%2fen-us%2fnews%2fus%2fwalgreens-closing-chatham-as-officials-warn-of-pharmacy-deserts%2far-AA24PoKJ&c=11146585358043657096&mkt=en-us,www.bing.com,bing_rss,2026-06-04T15:28:00+00:00,2026-06-17T13:59:31+00:00,0.37,"Walgreens closing Chatham store as officials warn of pharmacy deserts Walgreens is set to close in Chicago's Chatham neighborhood on Thursday, and there's growing concern about where families will get their medications.",Walgreens store closure location
1339e44eb4bd20d979,Walgreens,,,,,,Local pharmacy chain steps in as Midtown Walgreens prepares to close,http://www.bing.com/news/apiclick.aspx?ref=FexRss&aid=&tid=6a32a8307f8947639db02a675846693a&url=https%3a%2f%2fwww.msn.com%2fen-us%2fnews%2fus%2flocal-pharmacy-chain-steps-in-as-midtown-walgreens-prepares-to-close%2far-AA25dpGI&c=4811352347859923765&mkt=en-us,www.bing.com,bing_rss,2026-06-09T10:54:00+00:00,2026-06-17T13:59:31+00:00,0.37,"Local pharmacy chain steps in as Midtown Walgreens prepares to close With the Midtown Walgreens at 27th Street and North Avenue set to close on June 23, Hayat Pharmacy is encouraging residents to transfer prescriptions to the local chain.",Walgreens store closure location
ea52936a07515a2fc3,Walgreens,,,,,,"Walgreens to close Chatham store after more than $1M loss, cites theft and declining sales",http://www.bing.com/news/apiclick.aspx?ref=FexRss&aid=&tid=6a32a8307f8947639db02a675846693a&url=https%3a%2f%2fwww.aol.com%2fnews%2fwalgreens-close-chatham-store-more-023340460.html&c=6188010764375494095&mkt=en-us,www.bing.com,bing_rss,2026-05-09T16:59:00+00:00,2026-06-17T13:59:31+00:00,0.90,"Walgreens to close Chatham store after more than $1M loss, cites theft and declining sales CHICAGO - For the first time, Walgreens is revealing some of the specific financial problems that prompted it to close a longtime location on Chicago's South Side.",Walgreens store closure location
7a0f96d5a41faca152,Walgreens,,,,,,Redding Chico Eureka,https://krcrtv.com/news/local/legacy-of-reddings-old-crown-cameras-struggling-to-keep-doors-open,krcrtv.com,gdelt,20260610T074500Z,2026-06-17T13:59:31+00:00,0.37,"If the store were to close Wood felt it would be the end of a legacy left behind by Gary and Jeff Engel, the father and son duo who ran Old Crown Cameras, and who she considered her adoptive family.",Walgreens closing stores
824514344e03a2ab43,Walgreens,,,,,,Pharmacy cites insurance reimbursements for closing,https://www.herald-citizen.com/news/pharmacy-cites-insurance-reimbursements-for-closing/article_0909c676-dc9e-5507-b031-5435d36551bb.html,www.herald-citizen.com,gdelt,20260609T050000Z,2026-06-17T13:59:31+00:00,0.26,"Updated: June 17, 2026 @ 7:57 am A statement from Village Pharmacy cites decreasing insurance reimbursement as a reason for its May closure.",Walgreens closing stores
69838b73cb4fcde32a,Walgreens,,,,,,Chicago store closing : Walgreens pharmacy at 86th Street and Cottage Grove in Chatham set to close Thursday,https://abc7chicago.com/post/chicago-store-closing-walgreens-pharmacy-86th-street-cottage-grove-chatham-set-close-thursday/19232450/,abc7chicago.com,gdelt,20260604T111500Z,2026-06-17T13:59:31+00:00,0.84,Chicago store closing : Walgreens pharmacy at 86th Street and Cottage Grove in Chatham set to close Thursday https://cdn.abcotvs.com/dip/images/19232604_060426-wls-evelyn-walgreens530-vid.jpg CHICAGO (WLS) -- The Walgreens at 86th Street and Cottage Grove Aven,Walgreens closing stores
23a297e3aba008b70f,Walgreens,,,,,,5 Tech Brands That Lost Their Customer Trust ( And Went Bankrupt ),https://www.bgr.com/2182329/tech-brands-lost-customer-trust-bankrupt/,www.bgr.com,gdelt,20260530T134500Z,2026-06-17T13:59:31+00:00,0.26,"The once go-to location for all electrical needs, RadioShack closed its doors after years of pivoting away from the business that made it what it was.",Walgreens closing stores
8b8ce3fc3e07b0128a,Walgreens,,,,,,Milwaukee County and city launch task force to address food access crisis,https://www.wisn.com/article/milwaukee-county-and-city-launch-task-force-to-address-food-access-crisis/71436059,www.wisn.com,gdelt,20260529T020000Z,2026-06-17T13:59:31+00:00,0.73,"Milwaukee County and city launch task force to address food access crisis https://kubrick.htvapps.com/vidthumb/ad633ecb-0ff9-4bd0-9800-9054b08fe1b5/2488bae8-5108-4481-9fd5-38e675f70cfa.jpg?crop=0.816xw:0.815xh;0.184xw,0 Milwaukee County and city officials are ",Walgreens closing stores
1c8171d10187ec99e2,Walgreens,,,,,,Pet food store to open second Louisiana location in BR | Business,https://www.theadvocate.com/baton_rouge/news/business/pet-food-store-replaces-riteaid/article_4b645c88-4eca-4e35-a01d-0f1fbbdfa99f.html,www.theadvocate.com,gdelt,20260527T171500Z,2026-06-17T13:59:31+00:00,0.25,"It was a Rite Aid drugstore before closing several years ago, after Walgreens bought 1,900 Rite Aid stores and shuttered those near Walgreens locations.",Walgreens closing stores
8a1e0c79d60b196032,Walgreens,,,,,,Louisiana Store Closures 2026 : Full List,https://kpel965.com/louisiana-store-closures-2026/,kpel965.com,gdelt,20260514T191500Z,2026-06-17T13:59:31+00:00,0.90,"Louisiana Store Closures 2026 : Full List https://townsquare.media/site/36/files/2025/02/attachment-RS51575_GettyImages-1216744874-scr.jpg?&q=75&format=natural LAFAYETTE, La.",Walgreens closing stores
a1754bb5a3ad46bfcb,Walgreens,,,,,,Louisiana Store Closures 2026 : Full List,https://cajunradio.com/ixp/36/p/louisiana-store-closures-2026/,cajunradio.com,gdelt,20260514T184500Z,2026-06-17T13:59:31+00:00,0.90,"Louisiana Store Closures 2026 : Full List https://townsquare.media/site/36/files/2025/02/attachment-RS51575_GettyImages-1216744874-scr.jpg?&q=75&format=natural LAFAYETTE, La.",Walgreens closing stores
625b8ae8a61ff9b2a0,Walgreens,,,,,,Louisiana Store Closures 2026 : Full List,https://talkradio960.com/ixp/36/p/louisiana-store-closures-2026/,talkradio960.com,gdelt,20260514T180000Z,2026-06-17T13:59:31+00:00,0.90,"Louisiana Store Closures 2026 : Full List https://townsquare.media/site/36/files/2025/02/attachment-RS51575_GettyImages-1216744874-scr.jpg?&q=75&format=natural LAFAYETTE, La.",Walgreens closing stores
eea5ca4f2ab6b79991,Walgreens,,,,,,The Week Greatest Hits » Urban Milwaukee,https://urbanmilwaukee.com/2026/05/10/most-popular-2026-05-10/,urbanmilwaukee.com,gdelt,20260510T131500Z,2026-06-17T13:59:31+00:00,0.49,"May 7th, 2026 by Sophie Bolich Retailer has now closed 8 of 28 Milwaukee stores as part of nationwide downsizing.",Walgreens closing stores
c556b23bd8bc749bc9,Walgreens,"15846 E 3rd Street, Hayward, WI",Hayward,WI,,,I tried to get them to stay : Milwaukee alderman on Walgreens closure - WHSM,https://whsm.com/news/2026/05/05/i-tried-to-get-them-to-stay-milwaukee-alderman-on-walgreens-closure,whsm.com,gdelt,20260506T040000Z,2026-06-17T13:59:31+00:00,1.00,I tried to get them to stay : Milwaukee alderman on Walgreens closure - WHSM https://civicmedia.us/wp-content/uploads/2026/05/walgreens-scaled-e1778022729740.jpg Listen Live News Birkie News Deer Hunter's Roundup Closings/Cancellations Advertise Contact FAQs S,Walgreens closing stores
2842fd460c054aa481,Walgreens,"Hayward, WI",Hayward,WI,,,I tried to get them to stay : Milwaukee alderman on Walgreens closure - WHSM,https://whsm.com/news/2026/05/05/i-tried-to-get-them-to-stay-milwaukee-alderman-on-walgreens-closure,whsm.com,gdelt,20260506T040000Z,2026-06-17T13:59:31+00:00,1.00,I tried to get them to stay : Milwaukee alderman on Walgreens closure - WHSM https://civicmedia.us/wp-content/uploads/2026/05/walgreens-scaled-e1778022729740.jpg Listen Live News Birkie News Deer Hunter's Roundup Closings/Cancellations Advertise Contact FAQs S,Walgreens closing stores
7b9d116cf278fb3304,Walgreens,"622 River St, Ontonagon, MI",Ontonagon,MI,,,I tried to get them to stay : Milwaukee alderman on Walgreens closure - WUPY,https://wupy101.com/news/2026/05/05/i-tried-to-get-them-to-stay-milwaukee-alderman-on-walgreens-closure,wupy101.com,gdelt,20260506T034500Z,2026-06-17T13:59:31+00:00,1.00,I tried to get them to stay : Milwaukee alderman on Walgreens closure - WUPY https://civicmedia.us/wp-content/uploads/2026/05/walgreens-scaled-e1778022729740.jpg Listen Live News Sports Archive Obituaries Contact Advertise FAQs Source: Drake Bentley / Milwauke,Walgreens closing stores
08f7b236bfb276dfa9,Walgreens,"Ontonagon, MI",Ontonagon,MI,,,I tried to get them to stay : Milwaukee alderman on Walgreens closure - WUPY,https://wupy101.com/news/2026/05/05/i-tried-to-get-them-to-stay-milwaukee-alderman-on-walgreens-closure,wupy101.com,gdelt,20260506T034500Z,2026-06-17T13:59:31+00:00,1.00,I tried to get them to stay : Milwaukee alderman on Walgreens closure - WUPY https://civicmedia.us/wp-content/uploads/2026/05/walgreens-scaled-e1778022729740.jpg Listen Live News Sports Archive Obituaries Contact Advertise FAQs Source: Drake Bentley / Milwauke,Walgreens closing stores
6607af23018072a497,Walgreens,"326 Quincy St, Hancock, MI",Hancock,MI,,,I tried to get them to stay : Milwaukee alderman on Walgreens closure - WMPL,https://yooper.fm/news/2026/05/05/i-tried-to-get-them-to-stay-milwaukee-alderman-on-walgreens-closure,yooper.fm,gdelt,20260506T020000Z,2026-06-17T13:59:31+00:00,1.00,I tried to get them to stay : Milwaukee alderman on Walgreens closure - WMPL https://civicmedia.us/wp-content/uploads/2026/05/walgreens-scaled-e1778022729740.jpg Listen Live On-air Sports Contact Advertise FAQs Obituaries Source: Drake Bentley / Milwaukee Cour,Walgreens closing stores
727debde2ca4e7fb61,Walgreens,"Hancock, MI",Hancock,MI,,,I tried to get them to stay : Milwaukee alderman on Walgreens closure - WMPL,https://yooper.fm/news/2026/05/05/i-tried-to-get-them-to-stay-milwaukee-alderman-on-walgreens-closure,yooper.fm,gdelt,20260506T020000Z,2026-06-17T13:59:31+00:00,1.00,I tried to get them to stay : Milwaukee alderman on Walgreens closure - WMPL https://civicmedia.us/wp-content/uploads/2026/05/walgreens-scaled-e1778022729740.jpg Listen Live On-air Sports Contact Advertise FAQs Obituaries Source: Drake Bentley / Milwaukee Cour,Walgreens closing stores
aacbe9ee89d20e8ad6,Walgreens,"Racine, WI",Racine,WI,,,I tried to get them to stay : Milwaukee alderman on Walgreens closure - WRJN,https://wrjn.com/news/2026/05/05/i-tried-to-get-them-to-stay-milwaukee-alderman-on-walgreens-closure,wrjn.com,gdelt,20260506T011500Z,2026-06-17T13:59:31+00:00,1.00,I tried to get them to stay : Milwaukee alderman on Walgreens closure - WRJN https://civicmedia.us/wp-content/uploads/2026/05/walgreens-scaled-e1778022729740.jpg Listen Live Don Rosen Show News Events Advertise Contact FAQs Source: Drake Bentley / Milwaukee Co,Walgreens closing stores
77f4d9ca0dbbd4a273,Walgreens,"326 Quincy St, Hancock, MI",Hancock,MI,,,I tried to get them to stay : Milwaukee alderman on Walgreens closure - WKMJ,https://mix93.fm/news/2026/05/05/i-tried-to-get-them-to-stay-milwaukee-alderman-on-walgreens-closure,mix93.fm,gdelt,20260506T011500Z,2026-06-17T13:59:31+00:00,1.00,I tried to get them to stay : Milwaukee alderman on Walgreens closure - WKMJ https://civicmedia.us/wp-content/uploads/2026/05/walgreens-scaled-e1778022729740.jpg Listen Live Michigan Tech Calendar Sports Archives Contact Advertise FAQs Source: Drake Bentley / ,Walgreens closing stores
02622d7df953824745,Walgreens,"Hancock, MI",Hancock,MI,,,I tried to get them to stay : Milwaukee alderman on Walgreens closure - WKMJ,https://mix93.fm/news/2026/05/05/i-tried-to-get-them-to-stay-milwaukee-alderman-on-walgreens-closure,mix93.fm,gdelt,20260506T011500Z,2026-06-17T13:59:31+00:00,1.00,I tried to get them to stay : Milwaukee alderman on Walgreens closure - WKMJ https://civicmedia.us/wp-content/uploads/2026/05/walgreens-scaled-e1778022729740.jpg Listen Live Michigan Tech Calendar Sports Archives Contact Advertise FAQs Source: Drake Bentley / ,Walgreens closing stores
dcd8ea42b58dfa9c58,Walgreens,,,,,,Alpine ( PINE ) Q1 2026 Earnings Transcript,https://www.fool.com/earnings/call-transcripts/2026/04/24/alpine-pine-q1-2026-earnings-transcript/?source=iedfolrf0000001,www.fool.com,gdelt,20260424T183000Z,2026-06-17T13:59:31+00:00,0.26,Management disclosed that the increased quarterly dividend is supported by a 57% AFFO payout ratio and that the 2026 FFO and AFFO guidance raise reflects expectations for increased investment activity and portfolio growth.,Walgreens closing stores
8638941663a17fe185,Walgreens,,,,,,FBRT Q3 2024 Earnings Call Transcript | The Motley Fool,https://www.fool.com/earnings/call-transcripts/2026/04/22/fbrt-q3-2024-earnings-call-transcript/?source=iedfolrf0000001,www.fool.com,gdelt,20260422T210000Z,2026-06-17T13:59:31+00:00,0.26,"Our foreclosure REO position portfolio increased in size to 13 positions this quarter, but as Mike will detail, it is likely to decline due to recently negotiated PSAs on four properties.",Walgreens closing stores
cf7d9bddfca7c6e320,Walgreens,,,,,,All Montana Walgreens To Close In 2026,https://my1035.com/ixp/12/p/walgreens-montana/,my1035.com,gdelt,20260409T191500Z,2026-06-17T13:59:31+00:00,0.61,"All Montana Walgreens To Close In 2026 https://townsquare.media/site/12/files/2026/04/attachment-gettyimages-2055682.jpg?&q=75&format=natural As more and more Montanans shop online, we continue to see the closing of brick and mortar stores, and it looks like t",Walgreens closing stores
0e65733788b9d77c84,Walgreens,,,,,,Rockford Loses Another Walgreens Location,https://q985online.com/ixp/721/p/walgreens-rockford-closing-2026/,q985online.com,gdelt,20260407T201500Z,2026-06-17T13:59:31+00:00,0.90,"Rockford Loses Another Walgreens Location https://townsquare.media/site/721/files/2026/04/attachment-gettyimages-1139987170.jpg?&q=75&format=natural We knew Walgreens was going to close locations all over America, but we hoped it wouldn’t be another one in the",Walgreens closing stores
02c16e66e9a86f9a87,Walgreens,,,,,,Rockford Loses Another Walgreens Location,https://kfilradio.com/ixp/721/p/walgreens-rockford-closing-2026/,kfilradio.com,gdelt,20260407T191500Z,2026-06-17T13:59:31+00:00,0.90,"Rockford Loses Another Walgreens Location https://townsquare.media/site/721/files/2026/04/attachment-gettyimages-1139987170.jpg?&q=75&format=natural We knew Walgreens was going to close locations all over America, but we hoped it wouldn’t be another one in the",Walgreens closing stores
605ae35ce9b7be3950,Walgreens,,,,,,Map Shows Where Walgreens Is Closing Locations,http://www.bing.com/news/apiclick.aspx?ref=FexRss&aid=&tid=6a32a83933984488bd42abd80a09b55b&url=https%3a%2f%2fwww.newsweek.com%2fmap-walgreens-pharmacy-closures-2111781&c=10891888385040947924&mkt=en-us,www.bing.com,bing_rss,2025-08-11T08:05:00+00:00,2026-06-17T13:59:31+00:00,0.90,"News Reporter Walgreens is pressing on with its ""Footprint Optimization Program"" and shuttering hundreds of locations in an effort to streamline operations and prioritize its core retail pharmacy business.",Walgreens closing stores
f732f311326cff7711,Walgreens,,,,,,Walgreens closing numerous stores amid 'challenging' retail environment,http://www.bing.com/news/apiclick.aspx?ref=FexRss&aid=&tid=6a32a83933984488bd42abd80a09b55b&url=https%3a%2f%2fwww.wptv.com%2fbusiness%2fcompany-news%2fwalgreens-closing-numerous-stores-amid-challenging-retail-environment&c=6863907681722574937&mkt=en-us,www.bing.com,bing_rss,2024-06-26T22:44:00+00:00,2026-06-17T13:59:31+00:00,0.49,"Walgreens closing numerous stores amid 'challenging' retail environment Walgreens, one of America's largest pharmacy chains, announced early Thursday plans to close numerous stores across the U.S.",Walgreens closing stores
1cd4c62ce76e2c6201,Walgreens,,,,,,"Walgreens to close Chicago store after losing over $1M due to rampant theft, falling sales",http://www.bing.com/news/apiclick.aspx?ref=FexRss&aid=&tid=6a32a83933984488bd42abd80a09b55b&url=https%3a%2f%2fwww.msn.com%2fen-us%2fmoney%2fcompanies%2fwalgreens-to-close-chicago-store-after-losing-over-1m-due-to-rampant-theft-falling-sales%2far-AA22WnEv&c=17942911988166189995&mkt=en-us,www.bing.com,bing_rss,2026-05-11T11:25:00+00:00,2026-06-17T13:59:31+00:00,0.37,"Walgreens to close Chicago store after losing over $1M due to rampant theft, falling sales Walgreens announced plans to close a Chicago South Side store next month, citing elevated theft levels and declining prescription sales as key factors.",Walgreens closing stores
ac8ed58d70adc299d8,Walgreens,,,,,,Walgreens closing Chatham store on Thursday,http://www.bing.com/news/apiclick.aspx?ref=FexRss&aid=&tid=6a32a83933984488bd42abd80a09b55b&url=https%3a%2f%2fwww.msn.com%2fen-us%2flifestyle%2fother%2fwalgreens-closing-chatham-store-on-thursday%2far-AA24PoKJ&c=16509589848633609248&mkt=en-us,www.bing.com,bing_rss,2026-06-04T03:52:21+00:00,2026-06-17T13:59:31+00:00,0.37,"Walgreens closing Chatham store on Thursday Walgreens is set to close in Chicago's Chatham neighborhood on Thursday, and there's growing concern about where families will get their medications.",Walgreens closing stores
48a0a2574f0dc19f04,Walgreens,,,,,,"Walgreens to close Chatham store, citing theft and violence",http://www.bing.com/news/apiclick.aspx?ref=FexRss&aid=&tid=6a32a83933984488bd42abd80a09b55b&url=https%3a%2f%2fchicago.suntimes.com%2fmoney%2f2026%2f05%2f04%2fwalgreens-close-chatham-store-theft-violence&c=9786869387699307050&mkt=en-us,www.bing.com,bing_rss,2026-05-04T16:37:00+00:00,2026-06-17T13:59:31+00:00,0.90,"Walgreens to close Chatham store, citing theft and violence The Deerfield-based company has closed several South and West side locations over the last year, contributing to a pharmacy desert in the area.",Walgreens closing stores
8e66dac9b5efa40ab7,Walgreens,,,,,,Local pharmacy chain steps in as Midtown Walgreens prepares to close,http://www.bing.com/news/apiclick.aspx?ref=FexRss&aid=&tid=6a32a83933984488bd42abd80a09b55b&url=https%3a%2f%2fwww.msn.com%2fen-us%2fnews%2fus%2flocal-pharmacy-chain-steps-in-as-midtown-walgreens-prepares-to-close%2far-AA25dpGI&c=4811352347859923765&mkt=en-us,www.bing.com,bing_rss,2026-06-09T10:54:00+00:00,2026-06-17T13:59:31+00:00,0.37,"Local pharmacy chain steps in as Midtown Walgreens prepares to close With the Midtown Walgreens at 27th Street and North Avenue set to close on June 23, Hayat Pharmacy is encouraging residents to transfer prescriptions to the local chain.",Walgreens closing stores
38fcdb12d1134cdcb2,Walgreens,,,,,,Retail pharmacy to close St. Louis County store,http://www.bing.com/news/apiclick.aspx?ref=FexRss&aid=&tid=6a32a83933984488bd42abd80a09b55b&url=https%3a%2f%2fwww.msn.com%2fen-us%2fnews%2fus%2fretail-pharmacy-to-close-st-louis-county-store%2far-AA25uH41&c=9911094652721756306&mkt=en-us,www.bing.com,bing_rss,2026-06-12T08:47:00+00:00,2026-06-17T13:59:31+00:00,0.49,Retail pharmacy to close St.,Walgreens closing stores
9a260ec2af6d0b75dc,Walgreens,,,,,,"Walgreens to close Chatham store after more than $1M loss, cites theft and declining sales",http://www.bing.com/news/apiclick.aspx?ref=FexRss&aid=&tid=6a32a83933984488bd42abd80a09b55b&url=https%3a%2f%2fwww.aol.com%2fnews%2fwalgreens-close-chatham-store-more-023340460.html&c=6188010764375494095&mkt=en-us,www.bing.com,bing_rss,2026-05-09T16:59:00+00:00,2026-06-17T13:59:31+00:00,0.90,"Walgreens to close Chatham store after more than $1M loss, cites theft and declining sales CHICAGO - For the first time, Walgreens is revealing some of the specific financial problems that prompted it to close a longtime location on Chicago's South Side.",Walgreens closing stores
fac9f32c0bfb48ac30,Walgreens,,,,,,Walgreens to close St. Louis County store,http://www.bing.com/news/apiclick.aspx?ref=FexRss&aid=&tid=6a32a83933984488bd42abd80a09b55b&url=https%3a%2f%2fwww.bizjournals.com%2fstlouis%2fnews%2f2026%2f06%2f11%2fst-louis-county-walgreens-store-to-close.html&c=383589223251537787&mkt=en-us,www.bing.com,bing_rss,2026-06-11T15:35:00+00:00,2026-06-17T13:59:31+00:00,0.37,Walgreens to close St.,Walgreens closing stores
cb173f58010e37304f,Walgreens,,,,,,Walgreens closing numerous stores amid 'challenging' retail environment,http://www.bing.com/news/apiclick.aspx?ref=FexRss&aid=&tid=6a32a83933984488bd42abd80a09b55b&url=https%3a%2f%2fwww.10news.com%2fbusiness%2fcompany-news%2fwalgreens-closing-numerous-stores-amid-challenging-retail-environment&c=13259261244793479128&mkt=en-us,www.bing.com,bing_rss,2026-03-29T22:24:00+00:00,2026-06-17T13:59:31+00:00,0.49,"Walgreens, one of America's largest pharmacy chains, announced early Thursday plans to close numerous stores across the U.S.",Walgreens closing stores
2071fc77c28d00545c,Walgreens,,,,,,Map Shows Where Walgreens Is Closing Locations,http://www.bing.com/news/apiclick.aspx?ref=FexRss&aid=&tid=6a32a842bdbd423b8fd8e43bc6218acc&url=https%3a%2f%2fwww.newsweek.com%2fmap-walgreens-pharmacy-closures-2111781&c=10891888385040947924&mkt=en-us,www.bing.com,bing_rss,2025-08-11T08:05:00+00:00,2026-06-17T13:59:31+00:00,0.90,"News Reporter Walgreens is pressing on with its ""Footprint Optimization Program"" and shuttering hundreds of locations in an effort to streamline operations and prioritize its core retail pharmacy business.",Walgreens pharmacy closed location
228288a4cc04b09364,Walgreens,,,,,,Another Lexington pharmacy will close in July. Here's where.,http://www.bing.com/news/apiclick.aspx?ref=FexRss&aid=&tid=6a32a842bdbd423b8fd8e43bc6218acc&url=https%3a%2f%2fwww.msn.com%2fen-us%2fmoney%2fgeneral%2fanother-lexington-pharmacy-will-close-in-july-here-s-where%2far-AA25dBiD&c=12593007643999782074&mkt=en-us,www.bing.com,bing_rss,2026-06-09T14:12:00+00:00,2026-06-17T13:59:31+00:00,0.37,Another Lexington pharmacy will close in July.,Walgreens pharmacy closed location
